{"cameraMode":{"drawMode":0,"name":"Shaded","section":"Shading Mode"},"sceneLighting":true,"audioPlay":false,"sceneViewState":{"m_AlwaysRefresh":false,"showFog":true,"showSkybox":true,"showFlares":true,"showImageEffects":true,"showParticleSystems":true,"showVisualEffectGraphs":true,"m_FxEnabled":true},"in2DMode":false,"pivot":{"x":0.08907517790794373,"y":0.5167894959449768,"z":0.012762024998664856},"rotation":{"x":0.10414637625217438,"y":0.5820825099945068,"z":-0.07551819086074829,"w":0.8029131293296814},"size":0.4777888059616089,"orthographic":false}